Model,pca__n_components,dt__criterion,dt__max_depth,dt__min_samples_split,dt__min_samples_leaf,dt__max_features,threshold,accuracy_mean,accuracy_std,precision_mean,precision_std,recall_mean,recall_std,f1_mean,f1_std,mcc_mean,mcc_std,svm__C,svm__kernel,n_neighbors,weights,metric,rf__n_estimators,rf__criterion,rf__max_depth,rf__min_samples_split,rf__min_samples_leaf,alpha,learning_rate,max_depth,n_estimators
Decision Tree,0.99,entropy,10.0,2.0,5.0,sqrt,0.1,0.7763841807909605,0.1373817715604035,0.4485081585081585,0.2162526467104233,0.711111111111111,0.1685083432011455,0.5218003882462038,0.1691733056463105,0.437146898176005,0.1994687781399711,,,,,,,,,,,,,,
SVM,0.99,,,,,,0.2,0.8797175141242939,0.0738019422167579,0.6492640692640693,0.2988660064116062,0.6,0.2434322477800738,0.6033333333333333,0.2328566559543064,0.5477845679062696,0.2758572029207126,100.0,rbf,,,,,,,,,,,,
KNN,0.99,,,,,,0.2,0.8496045197740113,0.078853188505898,0.536060606060606,0.2024993056252194,0.6666666666666666,0.2605786533235238,0.5741543513957307,0.195070836972208,0.5055150267657108,0.2354202747133218,,,3.0,distance,euclidean,,,,,,,,,
Random Forest,0.99,,,,,,0.3,0.9063276836158192,0.0450999117830147,0.755064935064935,0.2021757183313894,0.6444444444444445,0.2408831487630977,0.661578947368421,0.1658061812801094,0.6307687181973037,0.1747635718529038,,,,,,50.0,gini,10.0,2.0,2.0,,,,
Naive Bayes,,,,,,,0.2,0.9063276836158192,0.0435328973759709,0.7016666666666667,0.1439039031205663,0.6444444444444445,0.1987615979999812,0.6672445820433437,0.1670385292641256,0.6167864537812704,0.1893043190402417,,,,,,,,,,,1.0,,,
XGBoost,,,,,,,0.1,0.899774011299435,0.0285903857712302,0.6778388278388279,0.1250792584877588,0.7333333333333333,0.0920087412456472,0.6917034798108967,0.0515097165643136,0.6424290135327245,0.0646882717582872,,,,,,,,,,,,0.5,5.0,100.0
