Model,dt__criterion,dt__max_depth,dt__min_samples_split,dt__min_samples_leaf,dt__max_features,threshold,accuracy_mean,accuracy_std,precision_mean,precision_std,recall_mean,recall_std,f1_mean,f1_std,mcc_mean,mcc_std,pca__n_components,svm__C,svm__kernel,n_neighbors,weights,metric,rf__n_estimators,rf__criterion,rf__max_depth,rf__min_samples_split,rf__min_samples_leaf,xgb__learning_rate,xgb__max_depth,xgb__n_estimators
Decision Tree,gini,10.0,5.0,5.0,sqrt,0.3,0.8333333333333333,0.0465711680496243,0.4968253968253968,0.1261879804085828,0.5333333333333334,0.164804410824348,0.4978502415458937,0.0981817355763016,0.4114989210685785,0.118749908906143,,,,,,,,,,,,,,
SVM,,,,,,0.2,0.923653962492438,0.0194560940678786,0.7783116883116883,0.1252839581255422,0.7555555555555555,0.1987615979999812,0.7466541353383459,0.0880301911037508,0.7155423759375764,0.0987077758488042,200.0,0.01,linear,,,,,,,,,,,
KNN,,,,,,0.2,0.8888082274652147,0.0265886928015851,0.6858730158730159,0.1205936646246138,0.5777777777777777,0.1448711645600588,0.613067926225821,0.1098120293470117,0.5605975176014002,0.1089719187113119,220.0,,,9.0,distance,euclidean,,,,,,,,
Random Forest,,,,,,0.3,0.9480943738656988,0.0403063422038296,0.8733333333333333,0.1738453974720706,0.8,0.0929622251704528,0.8321723426212589,0.1245772762105624,0.8045679837434525,0.1501407830125867,,,,,,,50.0,entropy,10.0,10.0,2.0,,,
XGBoost,,,,,,0.1,0.9167574107683,0.0253573437306395,0.7788888888888889,0.1551781135134083,0.711111111111111,0.0993807989999906,0.7295906432748538,0.0617472971299047,0.6910475269436572,0.0758675382674126,180.0,,,,,,,,,,,0.3,3.0,200.0
