Model,Fold,Accuracy,Precision,Recall,F1,MCC,Parameters
larger KNN,5-fold,0.9166666666666666,0.75,0.6666666666666666,0.7058823529411765,0.6590820436573076,"{'n_neighbors': 5, 'weights': 'distance', 'algorithm': 'auto', 'leaf_size': 30, 'p': 2, 'threshold': 0.2, 'fold': 4}"
larger SVM,5-fold,0.9333333333333332,0.8571428571428571,0.6666666666666666,0.75,0.7197193047267257,"{'C': 10.0, 'kernel': 'rbf', 'threshold': 0.4, 'fold': 3}"
larger Naive Bayes,5-fold,0.9833333333333332,0.9,1.0,0.9473684210526316,0.9393364366277244,"{'alpha': 0.001, 'threshold': 0.1, 'fold': 4}"
larger XGBoost,5-fold,0.9666666666666668,0.8888888888888888,0.8888888888888888,0.8888888888888888,0.869281045751634,"{'eta': 0.5, 'max_depth': 5.0, 'n_estimators': 50.0, 'threshold': 0.2, 'fold': 4}"
larger Random Forest,5-fold,0.9666666666666668,0.8888888888888888,0.8888888888888888,0.8888888888888888,0.869281045751634,"{'n_estimators': 100, 'criterion': 'entropy', 'max_depth': 10, 'min_samples_split': 2, 'min_samples_leaf': 1, 'threshold': 0.3, 'fold': 4}"
larger Decision Tree,5-fold,0.95,0.875,0.7777777777777778,0.8235294117647058,0.79639080275258,"{'criterion': 'entropy', 'max_depth': 10.0, 'min_samples_split': 2, 'min_samples_leaf': 2, 'max_features': 'log2', 'threshold': 0.7000000000000001, 'fold': 4}"
