alpha,accuracy,precision,recall,f1,preparationTime
0.001,0.8157894736842104,0.7955555555555556,0.8444444444444444,0.8187134502923976,0.003103374086959854
0.01,0.8046783625730993,0.7888888888888889,0.8222222222222222,0.8046783625730993,0.003103508152173123
0.1,0.815204678362573,0.8022222222222222,0.8222222222222222,0.8116959064327485,0.0031035960108689005
1.0,0.815204678362573,0.8138888888888889,0.8,0.8065359477124183,0.003103679347828881
10.0,0.7286549707602339,0.6830586080586081,0.888888888888889,0.7645176647734193,0.0031037563369557615
