alpha,accuracy,precision,recall,f1,preparationTime
0.001,0.749820788530466,0.7627594627594627,0.7111111111111111,0.7354132457580733,0.0017771861413047704
0.01,0.7494623655913978,0.7777777777777778,0.6888888888888888,0.7296722009365687,0.0017773201956485893
0.1,0.7275985663082437,0.7770562770562771,0.6222222222222222,0.6887709991158267,0.0017774125869545574
1.0,0.7387096774193548,0.7846320346320347,0.6444444444444444,0.7058650162098438,0.001777497282605707
10.0,0.6845878136200717,0.6413043478260869,0.8666666666666667,0.7317487266553481,0.0017775797065219788
