alpha,accuracy,precision,recall,f1,preparationTime
0.001,0.7555555555555555,0.7971988795518207,0.7111111111111111,0.7428735632183908,0.0008774666684783167
0.01,0.7555555555555555,0.8112179487179487,0.6888888888888888,0.7384639016897081,0.0008775777778484756
0.1,0.7555555555555555,0.8310185185185185,0.6666666666666666,0.7303863002787735,0.0008776288893487718
1.0,0.7666666666666666,0.8587962962962963,0.6666666666666666,0.7408326440584506,0.0008776711118924948
10.0,0.6666666666666666,0.6638694638694639,0.7777777777777778,0.7066924066924067,0.0008777111121970746
