dt__max_depth,dt__min_samples_split,dt__min_samples_leaf,dt__criterion,dt__max_features,threshold,accuracy,precision,recall,f1,mcc
10,5,2,gini,,0.1,0.9689050211736238,0.9184615384615384,0.9111111111111111,0.9013453419645371,0.8924103960373342
10,5,2,gini,,0.2,0.9689050211736238,0.9184615384615384,0.9111111111111111,0.9013453419645371,0.8924103960373342
10,5,2,gini,,0.30000000000000004,0.9689050211736238,0.9184615384615384,0.9111111111111111,0.9013453419645371,0.8924103960373342
10,5,2,gini,,0.4,0.9689050211736238,0.9184615384615384,0.9111111111111111,0.9013453419645371,0.8924103960373342
10,5,2,gini,,0.5,0.9689050211736238,0.9184615384615384,0.9111111111111111,0.9013453419645371,0.8924103960373342
10,5,2,gini,,0.6,0.955111917725348,0.9134615384615385,0.8222222222222222,0.8396544631838749,0.8321592184155057
10,5,2,gini,,0.7000000000000001,0.955111917725348,0.9134615384615385,0.8222222222222222,0.8396544631838749,0.8321592184155057
10,5,2,gini,,0.8,0.955111917725348,0.9134615384615385,0.8222222222222222,0.8396544631838749,0.8321592184155057
10,5,2,gini,,0.9,0.955111917725348,0.9134615384615385,0.8222222222222222,0.8396544631838749,0.8321592184155057
