pca__n_components,knn__n_neighbors,knn__weights,knn__metric,threshold,accuracy,std_accuracy,precision,std_precision,recall,std_recall,f1,std_f1,mcc,std_mcc
150,3,distance,euclidean,0.1,0.84010889292196,0.045812342424714526,0.5170695970695971,0.1206320596517778,0.5555555555555556,0.13608276348795434,0.5203582077723954,0.09723615593264578,0.4365366477134822,0.10965619853901179
150,3,distance,euclidean,0.2,0.8471264367816091,0.03389507812683487,0.528974358974359,0.10247431967714585,0.5555555555555556,0.13608276348795434,0.5286397812713601,0.08958817324274228,0.4474727302690863,0.09597796977735598
150,3,distance,euclidean,0.30000000000000004,0.8678765880217785,0.045938887145128594,0.6247619047619047,0.17969961077692595,0.5555555555555556,0.13608276348795434,0.5691247349142087,0.12109973022912936,0.5052596789684061,0.1380214440104185
150,3,distance,euclidean,0.4,0.9027828191167574,0.026334557422919024,0.9047619047619048,0.14677176197545183,0.4444444444444445,0.17568209223157663,0.5722510822510822,0.15970553007652918,0.5799191199967834,0.13076156259157645
150,3,distance,euclidean,0.5,0.9027828191167574,0.026334557422919024,0.9214285714285715,0.11406228159050938,0.4222222222222222,0.18257418583505536,0.557892107892108,0.1671340912479587,0.5733709778708972,0.13766197785923304
150,3,distance,euclidean,0.6,0.9027828191167574,0.026334557422919024,0.9214285714285715,0.11406228159050938,0.4222222222222222,0.18257418583505536,0.557892107892108,0.1671340912479587,0.5733709778708972,0.13766197785923304
150,3,distance,euclidean,0.7000000000000001,0.8889292196007259,0.022995867576598435,0.9333333333333332,0.149071198499986,0.31111111111111106,0.12171612389003691,0.45827505827505827,0.1439533132195715,0.496154697911518,0.1343517786556438
150,3,distance,euclidean,0.8,0.8854204476709014,0.009394924406480555,1.0,0.0,0.2666666666666667,0.06085806194501845,0.41818181818181815,0.07468943965979537,0.4823165849207249,0.05689427837296534
150,3,distance,euclidean,0.9,0.8854204476709014,0.009394924406480555,1.0,0.0,0.2666666666666667,0.06085806194501845,0.41818181818181815,0.07468943965979537,0.4823165849207249,0.05689427837296534
