pca__n_components,knn__n_neighbors,knn__weights,knn__metric,threshold,accuracy,precision,recall,f1,mcc
150,3,distance,euclidean,0.1,0.8506957047791893,0.5366666666666667,0.6,0.5503105590062111,0.4744087570192395
150,3,distance,euclidean,0.2,0.8575922565033274,0.5533333333333333,0.5777777777777777,0.5533333333333332,0.4774737083054322
150,3,distance,euclidean,0.30000000000000004,0.8749546279491833,0.65,0.5555555555555556,0.578974358974359,0.521503451009319
150,3,distance,euclidean,0.4,0.8889897156684814,0.8742857142857143,0.37777777777777777,0.5100899100899101,0.5185342432628173
150,3,distance,euclidean,0.5,0.892377495462795,0.9199999999999999,0.3555555555555555,0.4971028971028971,0.5219631354804009
150,3,distance,euclidean,0.6,0.892377495462795,0.9199999999999999,0.3555555555555555,0.4971028971028971,0.5219631354804009
150,3,distance,euclidean,0.7000000000000001,0.8818511796733212,1.0,0.2444444444444444,0.37272727272727274,0.4150376255244096
150,3,distance,euclidean,0.8,0.8818511796733212,1.0,0.2444444444444444,0.37272727272727274,0.4150376255244096
150,3,distance,euclidean,0.9,0.8818511796733212,1.0,0.2444444444444444,0.37272727272727274,0.4150376255244096
