rf__n_estimators,rf__max_depth,rf__min_samples_split,rf__min_samples_leaf,rf__criterion,threshold,accuracy,std_accuracy,precision,std_precision,recall,std_recall,f1,std_f1,mcc,std_mcc
100,10,5,2,entropy,0.1,0.8264972776769509,0.03824468868859572,0.476125730994152,0.060900096317435586,0.9555555555555555,0.060858061945018485,0.6347681080094872,0.06523515349971634,0.5940963113907392,0.08148938312929087
100,10,5,2,entropy,0.2,0.9166969147005444,0.04457024954415481,0.6808857808857808,0.1162478598175739,0.9111111111111111,0.09296222517045284,0.7777564464520987,0.10712761175684617,0.7409297729653007,0.12901680050033265
100,10,5,2,entropy,0.30000000000000004,0.9410768300060497,0.028672200502682592,0.7882828282828283,0.10860723303840467,0.8666666666666666,0.0496903994999953,0.8239766081871345,0.07858265333488237,0.7912291449951436,0.09356722460290343
100,10,5,2,entropy,0.4,0.9513611615245008,0.01472150398264425,0.8461111111111113,0.05312749631026788,0.8444444444444443,0.06085806194501842,0.8442380460956311,0.04700467819294417,0.8161550629873611,0.05542303590186544
100,10,5,2,entropy,0.5,0.9582577132486388,0.015730431781633143,0.975,0.05590169943749474,0.7555555555555554,0.09296222517045283,0.8479411764705882,0.06045173086608753,0.8354246195304793,0.06285525207219486
100,10,5,2,entropy,0.6,0.9098608590441621,0.02519227254270916,1.0,0.0,0.4222222222222222,0.16480441082434807,0.5788811188811189,0.1613312629944513,0.6095040023980279,0.12961228862517374
100,10,5,2,entropy,0.7000000000000001,0.8749546279491833,0.014922431505760581,1.0,0.0,0.2,0.09296222517045284,0.3254545454545455,0.12733764578104093,0.40879151374274725,0.10069221823454982
100,10,5,2,entropy,0.8,0.8506957047791893,0.009383230688342369,1.0,0.0,0.04444444444444444,0.06085806194501846,0.08,0.10954451150103323,0.12353284998120548,0.16915439642267643
100,10,5,2,entropy,0.9,0.8437386569872958,0.001491077742754574,1.0,0.0,0.0,0.0,0.0,0.0,0.0,0.0
