pca__n_components,xgb__n_estimators,xgb__max_depth,xgb__learning_rate,threshold,accuracy,precision,recall,f1,mcc
150,150,5,0.3,0.1,0.9099213551119177,0.7311050061050061,0.711111111111111,0.7137106357694594,0.6657931014619443
150,150,5,0.3,0.2,0.9063520871143377,0.7796536796536797,0.6,0.6661904761904761,0.6277211722778272
150,150,5,0.3,0.30000000000000004,0.8958257713248639,0.7628571428571428,0.5111111111111112,0.5941729323308271,0.5628155295854833
150,150,5,0.3,0.4,0.8992740471869329,0.7916666666666667,0.48888888888888893,0.5938375350140056,0.5672985772157546
150,150,5,0.3,0.5,0.8993345432546885,0.8476190476190476,0.4666666666666667,0.5822510822510822,0.5709778522259414
150,150,5,0.3,0.6,0.8923169993950394,0.86,0.4,0.527012987012987,0.529566676682263
150,150,5,0.3,0.7000000000000001,0.8853599516031458,0.9333333333333332,0.31111111111111117,0.44792540792540797,0.4873304501767176
150,150,5,0.3,0.8,0.8784633998790079,0.9,0.2666666666666667,0.4027972027972028,0.44319754480177737
150,150,5,0.3,0.9,0.8679370840895342,1.0,0.15555555555555553,0.2581818181818182,0.32629647109129584
