threshold,accuracy,precision,recall,f1,mcc
0.1,0.5745967741935484,0.5974358974358974,0.5347222222222222,0.5512188960464822,0.15932048308127475
0.2,0.5745967741935484,0.5974358974358974,0.5347222222222222,0.5512188960464822,0.15932048308127475
0.30000000000000004,0.5638440860215054,0.6166666666666667,0.47222222222222215,0.510989010989011,0.15145405649877242
0.4,0.5638440860215054,0.6166666666666667,0.47222222222222215,0.510989010989011,0.15145405649877242
0.5,0.5638440860215054,0.6166666666666667,0.47222222222222215,0.510989010989011,0.15145405649877242
0.6,0.5638440860215054,0.6166666666666667,0.42777777777777776,0.4925558312655087,0.14805869628024204
0.7000000000000001,0.5638440860215054,0.6166666666666667,0.42777777777777776,0.4925558312655087,0.14805869628024204
0.8,0.5638440860215054,0.6166666666666667,0.42777777777777776,0.4925558312655087,0.14805869628024204
0.9,0.5638440860215054,0.6166666666666667,0.42777777777777776,0.4925558312655087,0.14805869628024204
