threshold,accuracy,precision,recall,f1,preparationTime
0.1,0.7333333333333334,0.7757936507936508,0.7111111111111111,0.7150313732022878,0.0006185866685377226
0.2,0.7333333333333334,0.7757936507936508,0.7111111111111111,0.7150313732022878,0.0006187033347992433
0.30000000000000004,0.7555555555555555,0.7991854636591479,0.7111111111111111,0.7302819178645971,0.0006187522240603964
0.4,0.8111111111111112,0.8869047619047619,0.7111111111111111,0.7776111944027986,0.0006188000009084741
0.5,0.8111111111111112,0.8869047619047619,0.7111111111111111,0.7776111944027986,0.0006188400012130539
0.6,0.7999999999999999,0.8809523809523809,0.6888888888888888,0.7565308254963427,0.0006188811113437017
0.7000000000000001,0.7999999999999999,0.8809523809523809,0.6888888888888888,0.7565308254963427,0.0006189200018222133
0.8,0.7444444444444445,1.0,0.4888888888888889,0.6454545454545455,0.0006189622217789292
0.9,0.7444444444444445,1.0,0.4888888888888889,0.6454545454545455,0.0006190055567357276
