threshold,accuracy,precision,recall,f1,mcc
0.1,0.6163742690058479,0.6089466089466089,0.7422222222222222,0.6611732229123534,0.24063172927077958
0.2,0.6163742690058479,0.6089466089466089,0.7422222222222222,0.6611732229123534,0.24063172927077958
0.30000000000000004,0.6163742690058479,0.6089466089466089,0.7422222222222222,0.6611732229123534,0.24063172927077958
0.4,0.6374269005847953,0.6232323232323231,0.7422222222222222,0.6711111111111111,0.2846701982983649
0.5,0.6374269005847953,0.6232323232323231,0.7422222222222222,0.6711111111111111,0.2846701982983649
0.6,0.6374269005847953,0.6242579642579642,0.72,0.6650505050505051,0.27966290551620937
0.7000000000000001,0.6269005847953215,0.6281468531468531,0.6777777777777778,0.6436125965537729,0.2610942127175587
0.8,0.6269005847953215,0.6281468531468531,0.6777777777777778,0.6436125965537729,0.2610942127175587
0.9,0.6269005847953215,0.6281468531468531,0.6777777777777778,0.6436125965537729,0.2610942127175587
