threshold,accuracy,precision,recall,f1,mcc
0.1,0.7391812865497076,0.7160606060606061,0.7777777777777777,0.7429308565531476,0.4857914245309859
0.2,0.7391812865497076,0.7160606060606061,0.7777777777777777,0.7429308565531476,0.4857914245309859
0.30000000000000004,0.7391812865497076,0.7310606060606061,0.7555555555555554,0.7392156862745097,0.4857914245309859
0.4,0.7163742690058479,0.7175974025974027,0.6888888888888889,0.6970743034055727,0.4399967377417594
0.5,0.7163742690058479,0.7175974025974027,0.6888888888888889,0.6970743034055727,0.4399967377417594
0.6,0.7380116959064328,0.7892857142857143,0.6666666666666666,0.7035722791140748,0.497194024040218
0.7000000000000001,0.7380116959064328,0.7892857142857143,0.6666666666666666,0.7035722791140748,0.497194024040218
0.8,0.7380116959064328,0.7892857142857143,0.6666666666666666,0.7035722791140748,0.497194024040218
0.9,0.7380116959064328,0.7892857142857143,0.6666666666666666,0.7035722791140748,0.497194024040218
