threshold,accuracy,precision,recall,f1,mcc
0.1,0.680779569892473,0.6715225563909774,0.7055555555555556,0.6840686274509804,0.3698556312832304
0.2,0.680779569892473,0.6715225563909774,0.7055555555555556,0.6840686274509804,0.3698556312832304
0.30000000000000004,0.680779569892473,0.6715225563909774,0.7055555555555556,0.6840686274509804,0.3698556312832304
0.4,0.6703629032258064,0.6731251204935416,0.6638888888888889,0.6617985125084517,0.3509030917791934
0.5,0.6703629032258064,0.6731251204935416,0.6638888888888889,0.6617985125084517,0.3509030917791934
0.6,0.67002688172043,0.6865079365079364,0.6416666666666667,0.6567099567099567,0.3492800343463746
0.7000000000000001,0.6592741935483871,0.6940170940170941,0.6,0.6314604935294591,0.33457468100081594
0.8,0.6592741935483871,0.6940170940170941,0.6,0.6314604935294591,0.33457468100081594
0.9,0.6592741935483871,0.6940170940170941,0.6,0.6314604935294591,0.33457468100081594
