threshold,accuracy,precision,recall,f1,mcc
0.1,0.6620071684587814,0.6343434343434343,0.7111111111111111,0.6546764946764947,0.3496399618230969
0.2,0.6620071684587814,0.6343434343434343,0.7111111111111111,0.6546764946764947,0.3496399618230969
0.30000000000000004,0.6620071684587814,0.6343434343434343,0.7111111111111111,0.6546764946764947,0.3496399618230969
0.4,0.6620071684587814,0.6388888888888888,0.688888888888889,0.6500432900432901,0.3400285171112632
0.5,0.6620071684587814,0.6388888888888888,0.688888888888889,0.6500432900432901,0.3400285171112632
0.6,0.6835125448028675,0.662962962962963,0.688888888888889,0.665050505050505,0.3776873288355777
0.7000000000000001,0.7168458781362007,0.7486772486772487,0.688888888888889,0.6868686868686869,0.46189861112965797
0.8,0.7060931899641577,0.7432306255835668,0.6666666666666666,0.6742424242424242,0.4380044894174022
0.9,0.7060931899641577,0.7432306255835668,0.6666666666666666,0.6742424242424242,0.4380044894174022
