threshold,accuracy,precision,recall,f1,mcc
0.1,0.6596491228070175,0.6605844155844156,0.6555555555555556,0.6540756302521008,0.3219734115997638
0.2,0.6596491228070175,0.6605844155844156,0.6555555555555556,0.6540756302521008,0.3219734115997638
0.30000000000000004,0.6596491228070175,0.6605844155844156,0.6555555555555556,0.6540756302521008,0.3219734115997638
0.4,0.6596491228070175,0.6605844155844156,0.6555555555555556,0.6540756302521008,0.3219734115997638
0.5,0.6596491228070175,0.6605844155844156,0.6555555555555556,0.6540756302521008,0.3219734115997638
0.6,0.6058479532163743,0.6117748917748917,0.5288888888888889,0.5543977591036414,0.2182164952665861
0.7000000000000001,0.6269005847953215,0.6481385281385281,0.5288888888888889,0.5724428718855963,0.2611291898990602
0.8,0.6269005847953215,0.6481385281385281,0.5288888888888889,0.5724428718855963,0.2611291898990602
0.9,0.6269005847953215,0.6481385281385281,0.5288888888888889,0.5724428718855963,0.2611291898990602
