Model,Best Accuracy,Best Precision,Best Recall,Best F1 Score,Best MCC Score,Best Parameters
Decision Tree,0.937810042,0.862828283,0.755555556,0.773264534,0.759348762,"{'dt__max_depth': 10, 'dt__min_samples_split': 5, 'dt__min_samples_leaf': 2, 'dt__criterion': 'gini', 'dt__max_features': 'sqrt', 'threshold': 0.8, 'accuracy': 0.9378100423472476, 'precision': 0.8628282828282827, 'recall': 0.7555555555555555, 'f1': 0.7732645338837288, 'mcc': 0.7593487617421386}"
Random Forest,0.961826981,0.927777778,0.822222222,0.870424837,0.851192768,"{'rf__n_estimators': 50, 'rf__max_depth': 10, 'rf__min_samples_split': 10, 'rf__min_samples_leaf': 2, 'rf__criterion': 'entropy', 'threshold': 0.6, 'accuracy': 0.961826981246219, 'precision': 0.9277777777777778, 'recall': 0.8222222222222222, 'f1': 0.8704248366013072, 'mcc': 0.8511927678305587}"
KNN,0.916636419,0.881428571,0.555555556,0.665462185,0.651646842,"{'pca__n_components': 200, 'n_neighbors': 9, 'weights': 'distance', 'metric': 'cosine', 'threshold': 0.8, 'accuracy': 0.916636418632789, 'precision': 0.8814285714285715, 'recall': 0.5555555555555556, 'f1': 0.6654621848739496, 'mcc': 0.651646842147187}"
SVM,0.93399879,0.776904762,0.844444444,0.801929376,0.769154212,"{'pca__n_components': 200, 'kernel': 'linear', 'C': 0.01, 'threshold': 0.1, 'accuracy': 0.9339987900786448, 'precision': 0.7769047619047619, 'recall': 0.8444444444444444, 'f1': 0.8019293758693408, 'mcc': 0.7691542122725935}"
XGB,0.878342408,0.611367521,0.777777778,0.677388623,0.61689842,"{'pca__n_components': 150.0, 'max_depth': 3.0, 'learning_rate': 0.5, 'n_estimators': 100.0, 'threshold': 0.2, 'accuracy': 0.8783424077434967, 'precision': 0.6113675213675214, 'recall': 0.7777777777777778, 'f1': 0.6773886230728335, 'mcc': 0.6168984199962451}"
