threshold,accuracy,precision,recall,f1,mcc
0.1,0.8405940594059406,0.4902534113060429,0.5972222222222222,0.5378151260504201,0.4462799412741485
0.2,0.8405940594059406,0.4902534113060429,0.5972222222222222,0.5378151260504201,0.4462799412741485
0.30000000000000004,0.8405940594059406,0.4902534113060429,0.5972222222222222,0.5378151260504201,0.4462799412741485
0.4,0.8472607260726073,0.5085784313725491,0.5763888888888888,0.5383297258297258,0.45012189277866493
0.5,0.8472607260726073,0.5085784313725491,0.5763888888888888,0.5383297258297258,0.45012189277866493
0.6,0.8305280528052804,0.45543672014260245,0.4055555555555556,0.42484567901234566,0.32983672761800203
0.7000000000000001,0.8338613861386138,0.46401515151515155,0.4055555555555556,0.4295499800876145,0.336379329761126
0.8,0.8338613861386138,0.46401515151515155,0.38472222222222224,0.41685156738920176,0.3257912787014097
0.9,0.8338613861386138,0.46401515151515155,0.38472222222222224,0.41685156738920176,0.3257912787014097
