threshold,accuracy,precision,recall,f1,mcc
0.1,0.8727118644067797,0.5682983682983682,0.6222222222222222,0.5888413547237076,0.5184372824142014
0.2,0.8727118644067797,0.5682983682983682,0.6222222222222222,0.5888413547237076,0.5184372824142014
0.30000000000000004,0.8660451977401131,0.5494949494949495,0.5555555555555556,0.5504575163398692,0.4732868056517736
0.4,0.8627118644067796,0.5422222222222223,0.5333333333333333,0.5367733058135534,0.45693450545132863
0.5,0.8627118644067796,0.5422222222222223,0.5333333333333333,0.5367733058135534,0.45693450545132863
0.6,0.8593785310734464,0.5315079365079365,0.5111111111111112,0.5191262469900241,0.4383645737487738
0.7000000000000001,0.8560451977401129,0.5176190476190475,0.48888888888888893,0.5008255933952529,0.41851468127143787
0.8,0.8560451977401129,0.5166666666666666,0.4666666666666666,0.487843137254902,0.40692461503854627
0.9,0.8560451977401129,0.5166666666666666,0.4666666666666666,0.487843137254902,0.40692461503854627
