threshold,accuracy,precision,recall,f1,mcc
0.1,0.7993265993265993,0.34542483660130724,0.37777777777777777,0.35709876543209873,0.24181484278118281
0.2,0.7993265993265993,0.34542483660130724,0.37777777777777777,0.35709876543209873,0.24181484278118281
0.30000000000000004,0.8261279461279462,0.4107905982905982,0.37777777777777777,0.39216020936451046,0.2923919741761025
0.4,0.8261279461279462,0.4107905982905982,0.37777777777777777,0.39216020936451046,0.2923919741761025
0.5,0.8261279461279462,0.4107905982905982,0.37777777777777777,0.39216020936451046,0.2923919741761025
0.6,0.8227946127946127,0.3982905982905984,0.3555555555555556,0.3749559082892416,0.27329749301988343
0.7000000000000001,0.8194612794612794,0.384004884004884,0.3333333333333333,0.3565651036915405,0.25327871951207204
0.8,0.836127946127946,0.4501424501424502,0.3333333333333333,0.3805114638447972,0.29432065920612965
0.9,0.836127946127946,0.4501424501424502,0.3333333333333333,0.3805114638447972,0.29432065920612965
