threshold,accuracy,precision,recall,f1,mcc
0.1,0.8007920792079207,0.3650793650793651,0.38472222222222224,0.3717303510406959,0.2558674996260069
0.2,0.8007920792079207,0.3650793650793651,0.38472222222222224,0.3717303510406959,0.2558674996260069
0.30000000000000004,0.8007920792079207,0.3609022556390977,0.36388888888888893,0.3609195402298851,0.24406944388069549
0.4,0.8007920792079207,0.3609022556390977,0.36388888888888893,0.3609195402298851,0.24406944388069549
0.5,0.8007920792079207,0.3609022556390977,0.36388888888888893,0.3609195402298851,0.24406944388069549
0.6,0.8205610561056105,0.40482654600301665,0.3,0.32756132756132755,0.24214780449336662
0.7000000000000001,0.8205610561056105,0.40482654600301665,0.3,0.32756132756132755,0.24214780449336662
0.8,0.8205610561056105,0.4024955436720143,0.27777777777777773,0.31290931290931295,0.2296755145022055
0.9,0.8205610561056105,0.4024955436720143,0.27777777777777773,0.31290931290931295,0.2296755145022055
