threshold,accuracy,precision,recall,f1,mcc
0.1,0.823879781420765,0.45883838383838393,0.49111111111111116,0.4636819613135403,0.3671760353873348
0.2,0.823879781420765,0.45883838383838393,0.49111111111111116,0.4636819613135403,0.3671760353873348
0.30000000000000004,0.8305464480874317,0.475,0.49111111111111116,0.47257085020242917,0.379761608129611
0.4,0.8406010928961749,0.5089682539682541,0.47111111111111115,0.4758697838109603,0.39270846194837994
0.5,0.8406010928961749,0.5089682539682541,0.47111111111111115,0.4758697838109603,0.39270846194837994
0.6,0.8306010928961749,0.47777777777777786,0.4066666666666666,0.4242763772175537,0.33806002013962416
0.7000000000000001,0.8239344262295083,0.44825396825396824,0.36444444444444446,0.38676721970839617,0.29806323466652757
0.8,0.8372677595628415,0.47111111111111115,0.36444444444444446,0.40010055304172953,0.3188178658240155
0.9,0.8372677595628415,0.47111111111111115,0.36444444444444446,0.40010055304172953,0.3188178658240155
