threshold,accuracy,precision,recall,f1,preparationTime
0.1,0.8661279461279462,0.5821371610845295,0.5111111111111111,0.5354449472096531,0.0001924220732659301
0.2,0.8661279461279462,0.5821371610845295,0.5111111111111111,0.5354449472096531,0.00019245785910225035
0.30000000000000004,0.8761616161616161,0.6188811188811189,0.4666666666666666,0.5307692307692308,0.000192473243834781
0.4,0.8894949494949494,0.725108225108225,0.4444444444444444,0.5459207459207459,0.00019248695670312464
0.5,0.8894949494949494,0.725108225108225,0.4444444444444444,0.5459207459207459,0.00019249866208852733
0.6,0.8861616161616163,0.7592592592592592,0.39999999999999997,0.5182539682539682,0.0001925110363753444
0.7000000000000001,0.8895286195286195,0.7777777777777777,0.39999999999999997,0.5238095238095238,0.00019252307660080317
0.8,0.8962626262626263,0.8592592592592592,0.37777777777777777,0.5182539682539682,0.0001925364546290907
0.9,0.8962626262626263,0.8592592592592592,0.37777777777777777,0.5182539682539682,0.00019254816079319122
