Accuracy,Precision,Recall,F1,MCC
0.965275257108288,0.9527777777777778,0.8222222222222222,0.8807189542483659,0.8650499347540881
