Accuracy,Precision,Recall,F1,MCC
0.8957652752571083,0.7195454545454545,0.6444444444444446,0.645015479876161,0.6069296444910228
