Accuracy,Precision,Recall,F1,MCC
0.8819116757410768,0.6442857142857144,0.6222222222222222,0.615026056189066,0.5582950783846247
