Accuracy,Precision,Recall,F1,MCC
0.9514216575922566,0.8564141414141414,0.8222222222222222,0.8262430586269597,0.8069128145288504
