Accuracy,Precision,Recall,F1,MCC
0.937265577737447,0.8873015873015874,0.6888888888888888,0.767203548085901,0.744951752706593
