Accuracy,Precision,Recall,F1,MCC
0.9304900181488204,0.8892857142857142,0.6444444444444445,0.7377828054298642,0.7167484555551047
