Accuracy,Precision,Recall,F1,MCC
0.9200846944948579,0.9044444444444444,0.5555555555555556,0.6682539682539682,0.6623628618624797
