dt__max_depth,dt__min_samples_split,dt__min_samples_leaf,dt__criterion,dt__max_features,dt__class_weight,threshold,accuracy,std_accuracy,precision,std_precision,recall,std_recall,f1,std_f1,mcc,std_mcc
10,5,2,entropy,,balanced,0.1,0.9445251058681187,0.03320787807327093,0.8495726495726496,0.16201034500419265,0.8222222222222222,0.14907119849998599,0.8229827688651218,0.10404247736175896,0.7992566565685854,0.12281265927005297
10,5,2,entropy,,balanced,0.2,0.9445251058681187,0.03320787807327093,0.8495726495726496,0.16201034500419265,0.8222222222222222,0.14907119849998599,0.8229827688651218,0.10404247736175896,0.7992566565685854,0.12281265927005297
10,5,2,entropy,,balanced,0.30000000000000004,0.9445251058681187,0.03320787807327093,0.8495726495726496,0.16201034500419265,0.8222222222222222,0.14907119849998599,0.8229827688651218,0.10404247736175896,0.7992566565685854,0.12281265927005297
10,5,2,entropy,,balanced,0.4,0.9445251058681187,0.03320787807327093,0.8495726495726496,0.16201034500419265,0.8222222222222222,0.14907119849998599,0.8229827688651218,0.10404247736175896,0.7992566565685854,0.12281265927005297
10,5,2,entropy,,balanced,0.5,0.9445251058681187,0.03320787807327093,0.8495726495726496,0.16201034500419265,0.8222222222222222,0.14907119849998599,0.8229827688651218,0.10404247736175896,0.7992566565685854,0.12281265927005297
10,5,2,entropy,,balanced,0.6,0.9445251058681187,0.03320787807327093,0.8495726495726496,0.16201034500419265,0.8222222222222222,0.14907119849998599,0.8229827688651218,0.10404247736175896,0.7992566565685854,0.12281265927005297
10,5,2,entropy,,balanced,0.7000000000000001,0.9445251058681187,0.03320787807327093,0.8495726495726496,0.16201034500419265,0.8222222222222222,0.14907119849998599,0.8229827688651218,0.10404247736175896,0.7992566565685854,0.12281265927005297
10,5,2,entropy,,balanced,0.8,0.9445251058681187,0.03320787807327093,0.8495726495726496,0.16201034500419265,0.8222222222222222,0.14907119849998599,0.8229827688651218,0.10404247736175896,0.7992566565685854,0.12281265927005297
10,5,2,entropy,,balanced,0.9,0.9410768300060497,0.03361371882214389,0.8495726495726496,0.16201034500419265,0.8,0.18257418583505536,0.8058399117222648,0.11523541408429697,0.7840733990495972,0.1284075962943538
