criterion,max_depth,min_samples_split,min_samples_leaf,max_features,threshold,accuracy,precision,recall,f1,mcc,preparationTime
entropy,300,5,1,log2,0.5,0.6789473684210526,0.7083333333333333,0.6599999999999999,0.6785100004914246,0.36121793719154727,0.001950040340426177
