threshold,accuracy,precision,recall,f1,mcc
0.1,0.648521505376344,0.6349673202614379,0.7013888888888888,0.6641278375149343,0.3030308462317441
