threshold,accuracy,precision,recall,f1,mcc
0.1,0.6391812865497076,0.65,0.6422222222222221,0.6444194264627701,0.2756414079131445
