pca__n_components,svm__C,svm__kernel,threshold,accuracy,precision,recall,f1,mcc
220,0.01,linear,0.1,0.8924984875983062,0.7298368298368298,0.8444444444444444,0.739047619047619,0.7135005080417134
220,0.01,linear,0.2,0.9373260738052027,0.861111111111111,0.7555555555555555,0.7826474179415356,0.7627819802744873
220,0.01,linear,0.30000000000000004,0.9304900181488204,0.8928571428571429,0.6444444444444445,0.7392533936651584,0.7183645081202931
220,0.01,linear,0.4,0.9200846944948576,0.8857142857142858,0.5777777777777777,0.6849999999999999,0.6689624781789534
220,0.01,linear,0.5,0.9166364186327888,0.8857142857142858,0.5555555555555556,0.6678571428571429,0.6537792206599653
220,0.01,linear,0.6,0.9165759225650334,0.9095238095238095,0.5333333333333334,0.6489177489177489,0.6458163490562779
220,0.01,linear,0.7000000000000001,0.9131276467029643,0.9095238095238095,0.5111111111111112,0.6291375291375292,0.6294914010504468
220,0.01,linear,0.8,0.9166364186327888,0.9380952380952381,0.5111111111111112,0.6391375291375291,0.6444128924619691
220,0.01,linear,0.9,0.9131881427707198,1.0,0.4444444444444445,0.5927272727272728,0.6229991972318466
