Accuracy,Precision,Recall,F1
0.822962962962963,0.4506172839506173,0.6444444444444444,0.5264550264550265
