Accuracy,Precision,Recall,F1
0.9163841807909605,0.795,0.5777777777777777,0.6589043309631546
