Accuracy,Precision,Recall,F1
0.9497740112994351,0.8575396825396824,0.7999999999999999,0.8258169934640522
