Accuracy,Precision,Recall,F1
0.9029378531073448,0.7247474747474747,0.5777777777777777,0.6234188034188035
