Accuracy,Precision,Recall,F1,MCC
0.8094915254237289,0.4105555555555556,0.5111111111111111,0.44655039559683524,0.3437346651394074
