Accuracy,Precision,Recall,F1,MCC
0.9653357531760435,0.9244444444444444,0.8444444444444444,0.8770553835569315,0.8619425303049933
