Accuracy,Precision,Recall,F1,MCC
0.9598653198653198,0.9410256410256409,0.7777777777777777,0.8475533661740559,0.8324157202952863
