Accuracy,Precision,Recall,F1,MCC
0.955111917725348,0.9199999999999999,0.8444444444444443,0.8495475113122172,0.8454298941250029
