Accuracy,Precision,Recall,F1,MCC
0.893825136612022,0.6663441134029371,0.7022222222222222,0.6685964912280702,0.6174703479703749
