Accuracy,Precision,Recall,F1
0.9530508474576271,0.8966666666666667,0.7777777777777778,0.8272187822497419
