Accuracy,Precision,Recall,F1
0.9631986531986532,0.9440559440559442,0.8000000000000002,0.8639636225843123
