Accuracy,Precision,Recall,F1,MCC
0.8716878402903812,0.6124542124542125,0.6888888888888889,0.6354264235338405,0.569608383914997
