Accuracy,Precision,Recall,F1,MCC
0.8363636363636364,0.48530701754385963,0.6222222222222222,0.5404807084123973,0.452272734030926
