Accuracy,Precision,Recall,F1,MCC
0.8750151240169389,0.611111111111111,0.6,0.5832507361919127,0.5250008288463672
