Accuracy,Precision,Recall,F1,MCC
0.8645833333333334,0.5610025062656642,0.7111111111111111,0.6192021636240703,0.5506195279704212
