Accuracy,Precision,Recall,F1,MCC
0.8871038251366121,0.6670995670995671,0.6,0.6293884220354808,0.5656807602939421
