Accuracy,Precision,Recall,F1,MCC
0.8785238959467634,0.6165112665112665,0.6444444444444445,0.6066511266511266,0.5512693059318502
