Accuracy,Precision,Recall,F1
0.8262962962962964,0.4607182940516274,0.6666666666666666,0.540969540969541
