Accuracy,Precision,Recall,F1,MCC
0.8494915254237287,0.5114285714285713,0.711111111111111,0.5920889179470414,0.5157380505349473
