alpha,accuracy,precision,recall,f1,preparationTime
0.001,0.9163841807909605,0.795,0.5777777777777777,0.6589043309631546,0.00038722876254124584
0.01,0.912994350282486,0.7783333333333333,0.5777777777777777,0.6510611937082526,0.00038722876254124584
0.1,0.9096610169491527,0.7483333333333333,0.5777777777777777,0.6444677871148459,0.00038722876254124584
1.0,0.8962711864406779,0.6914285714285715,0.5555555555555556,0.6113157894736843,0.00038722876254124584
10.0,0.8929378531073446,0.6783333333333333,0.5777777777777777,0.6197471620227037,0.00038722876254124584
