Accuracy,Precision,Recall,F1,MCC
0.9497740112994351,0.8575396825396824,0.7999999999999999,0.8258169934640522,0.7985053645840768
