Accuracy,Precision,Recall,F1,MCC
0.9131881427707199,0.885,0.5333333333333334,0.6578668390433096,0.6417693809440914
