Accuracy,Precision,Recall,F1
0.9431313131313132,0.8516483516483517,0.7555555555555555,0.8004926108374383
