Accuracy,Precision,Recall,F1,MCC
0.9444041137326075,0.8238888888888889,0.8222222222222222,0.822015823873409,0.7898138504372108
