Accuracy,Precision,Recall,F1
0.9429943502824859,0.8194444444444444,0.7999999999999999,0.8091503267973856
