Accuracy,Precision,Recall,F1,MCC
0.9369945355191257,0.8214285714285715,0.7666666666666666,0.7881461675579323,0.7552915142498005
