Accuracy,Precision,Recall,F1,MCC
0.9515426497277677,0.8940170940170941,0.8222222222222222,0.8424272133095663,0.8248318470996819
