Accuracy,Precision,Recall,F1,MCC
0.8962146892655367,1.0,0.3111111111111111,0.4555844155844156,0.5123026955548704
