Accuracy,Precision,Recall,F1,MCC
0.9201451905626135,0.8445238095238097,0.6222222222222222,0.6914602683178535,0.6720359085671346
