Accuracy,Precision,Recall,F1
0.9096610169491527,0.7911111111111111,0.5555555555555556,0.6282539682539683
