Accuracy,Precision,Recall,F1
0.9131944444444445,0.7925925925925926,0.6000000000000001,0.6744444444444445
