Accuracy,Precision,Recall,F1
0.9137158469945355,0.8313131313131313,0.6244444444444444,0.6837175895999426
