Accuracy,Precision,Recall,F1
0.9096296296296296,0.7473262032085563,0.6,0.6498745819397994
