Accuracy,Precision,Recall,F1,MCC
0.9664971751412429,1.0,0.7777777777777778,0.86609243697479,0.8619217708393456
