Accuracy,Precision,Recall,F1,MCC
0.920205686630369,0.8714285714285716,0.6,0.6997435897435896,0.677301901085489
