Accuracy,Precision,Recall,F1,MCC
0.9005464480874317,0.6902958152958153,0.6199999999999999,0.6476423902894491,0.595284756617389
