Accuracy,Precision,Recall,F1,MCC
0.9304900181488203,0.8306349206349207,0.711111111111111,0.7552324438547349,0.72509493338034
