Accuracy,Precision,Recall,F1,MCC
0.9030508474576271,0.7933333333333333,0.5777777777777778,0.6506605881218884,0.6165584550314602
