Accuracy,Precision,Recall,F1,MCC
0.9698989898989899,1.0,0.8000000000000002,0.884802043422733,0.877607114412529
