n_neighbors,metric,accuracy,precision,recall,preparationTime
3,cosine,0.7549707602339181,0.7543345543345543,0.7911111111111111,0.003957010191488686
5,cosine,0.7122807017543861,0.6993939393939393,0.7488888888888889,0.003957010191488686
7,cosine,0.7760233918128655,0.7791919191919192,0.7911111111111111,0.003957010191488686
3,euclidean,0.6690058479532164,0.7346464646464647,0.5777777777777777,0.003957010191488686
5,euclidean,0.7011695906432749,0.8064285714285713,0.5555555555555556,0.003957010191488686
7,euclidean,0.6812865497076024,0.8028571428571428,0.49333333333333335,0.003957010191488686
