Best_Threshold,Accuracy,Std_Accuracy,Precision,Std_Precision,Recall,Std_Recall,F1,Std_F1,MCC,Std_MCC
0.1,0.9409558378705384,0.03381724776436188,0.8494949494949495,0.13364289134060572,0.7777777777777777,0.1360827634879543,0.8038888888888888,0.11082602315073571,0.7758555205945579,0.12483795778320063
