Accuracy,Precision,Recall,F1,MCC
0.9653962492437991,0.905050505050505,0.888888888888889,0.8942483660130719,0.8755407208059603
