Accuracy,Std_Accuracy,Precision,Std_Precision,Recall,Std_Recall,F1,Std_F1,MCC,Std_MCC
0.9409558378705384,0.030247065925226385,0.8494949494949495,0.11953383589888496,0.7777777777777777,0.12171612389003689,0.8038888888888888,0.0991258085764042,0.7758555205945579,0.11165846391019423
