Accuracy,Precision,Recall,F1,MCC
0.9620084694494857,0.9134615384615385,0.8666666666666668,0.8765775401069519,0.8636674239403248
