Accuracy,Precision,Recall,F1,MCC
0.9581972171808832,0.9714285714285715,0.7555555555555554,0.8464705882352941,0.8337778404545901
