Accuracy,Precision,Recall,F1,MCC
0.9617664851784635,0.9464285714285715,0.7999999999999999,0.8661764705882353,0.8487345249535231
