Accuracy,Std_Accuracy,Precision,Std_Precision,Recall,Std_Recall,F1,Std_F1,MCC,Std_MCC
<<<<<<< Updated upstream
0.9581972171808832,0.021105585958920075,0.9714285714285715,0.05714285714285716,0.7555555555555554,0.10886621079036347,0.8464705882352941,0.07945314825836726,0.8337778404545901,0.08575817538326748
=======
0.9479128856624319,0.02190960120565004,0.8511111111111112,0.10318388236661244,0.8222222222222222,0.05443310539518171,0.8334795321637426,0.06372726354453158,0.8047996042479542,0.07779804075549689
>>>>>>> Stashed changes
