Model,Fold,Accuracy,Precision,Recall,F1,MCC,Parameters
equal Decision Tree,5-fold,0.8516339869281045,0.8714285714285716,0.8138888888888889,0.8397058823529411,0.7064579884429587,"{'criterion': 'gini', 'max_depth': 20, 'min_samples_split': 10, 'min_samples_leaf': 2, 'max_features': nan}"
equal Random Forest,5-fold,0.8601307189542483,0.8250505050505051,0.9277777777777778,0.8711111111111111,0.7309704538614901,"{'n_estimators': 200, 'max_depth': 10, 'min_samples_split': 5, 'min_samples_leaf': 5, 'criterion': 'entropy'}"
not equal Decision Tree,5-fold,0.959774011299435,0.9036363636363636,0.836111111111111,0.8517408906882592,0.8403296485902251,"{'criterion': 'entropy', 'max_depth': 10, 'min_samples_split': 5, 'min_samples_leaf': 5, 'max_features': nan}"
not equal KNN,5-fold,0.8994350282485876,0.9333333333333332,0.3416666666666667,0.4988344988344987,0.5288457746206102,"{'pca_n_components': 180, 'n_neighbors': 3, 'metric': 'euclidean', 'weights': 'distance'}"
not equal Random Forest,5-fold,0.9496610169491524,1.0,0.6527777777777778,0.775183346065699,0.7788530204241523,"{'n_estimators': 100, 'max_depth': 10, 'min_samples_split': 5, 'min_samples_leaf': 2, 'criterion': 'entropy'}"
not equal SVM,5-fold,0.91954802259887,0.8236363636363636,0.5888888888888888,0.6661538461538462,0.6466292446978781,"{'pca_n_components': 220, 'C': 0.01, 'kernel': 'linear'}"
not equal XGBoost,5-fold,0.892542372881356,0.8933333333333333,0.3138888888888889,0.440981240981241,0.4743197525530605,"{'pca_n_components': 220.0, 'learning_rate': 0.5, 'max_depth': 3.0, 'n_estimators': 50.0}"
