Model,Best Accuracy,Best Precision,Best Recall,Best F1 Score,Best MCC Score,Best Parameters
DT,0.965275257,0.952777778,0.822222222,0.880718954,0.865049935,"{'n_components': nan, 'max_depth': 10, 'min_samples_split': 5, 'min_samples_leaf': 2, 'criterion': 'gini', 'dt__max_features': nan, 'accuracy': 0.965275257108288, 'precision': 0.9527777777777778, 'recall': 0.8222222222222222, 'f1': 0.8807189542483659, 'mcc': 0.8650499347540881}"
KNN,0.881911676,0.644285714,0.622222222,0.615026056,0.558295078,"{'n_components': 180, 'n_neighbors': 3, 'weights': 'distance', 'metric': 'cosine', 'accuracy': 0.8819116757410768, 'precision': 0.6442857142857144, 'recall': 0.6222222222222222, 'f1': 0.615026056189066, 'mcc': 0.5582950783846247}"
RF,0.951421658,0.856414141,0.822222222,0.826243059,0.806912815,"{'n_estimators': 100, 'max_depth': 10, 'min_samples_split': 5, 'min_samples_leaf': 2, 'criterion': 'entropy', 'accuracy': 0.9514216575922566, 'precision': 0.8564141414141414, 'recall': 0.8222222222222222, 'f1': 0.8262430586269597, 'mcc': 0.8069128145288504}"
SVM,0.937265578,0.887301587,0.688888889,0.767203548,0.744951753,"{'n_components': 200, 'C': 0.01, 'kernel': 'linear', 'accuracy': 0.937265577737447, 'precision': 0.8873015873015874, 'recall': 0.6888888888888888, 'f1': 0.767203548085901, 'mcc': 0.744951752706593}"
XGB,0.920084694,0.904444444,0.555555556,0.668253968,0.662362862,"{'n_components': 150.0, 'n_estimators': 100.0, 'max_depth': 3.0, 'learning_rate': 0.3, 'accuracy': 0.920084694494858, 'precision': 0.9044444444444444, 'recall': 0.5555555555555556, 'f1': 0.6682539682539682, 'mcc': 0.6623628618624797}"
