Model,Fold,Best Accuracy,Best Precision,Best Recall,Best F1 Score,Best Parameters
SVM,5-fold-fold,0.9137158469945356,0.8313131313131313,0.6244444444444444,0.6837175895999426,"{'C': 0.01, 'kernel': 'linear', 'accuracy': 0.9137158469945356, 'precision': 0.8313131313131313, 'recall': 0.6244444444444444, 'f1': 0.6837175895999426, 'mcc': 0.6610692566090756}"
