Model,Fold,Best Accuracy,Best Precision,Best Recall,Best F1 Score,Best MCC Score,Best Parameters
KNN,5-fold-fold,0.8785238959467634,0.6165112665112665,0.6444444444444445,0.6066511266511266,0.5512693059318502,"{'svd__n_components': nan, 'n_neighbors': 15, 'weights': 'distance', 'metric': 'cosine', 'accuracy': 0.8785238959467634, 'precision': 0.6165112665112665, 'recall': 0.6444444444444445, 'f1': 0.6066511266511266, 'mcc': 0.5512693059318502}"
SVM,5-fold-fold,0.9201451905626136,0.8445238095238097,0.6222222222222222,0.6914602683178535,0.6720359085671346,"{'C': 0.01, 'kernel': 'linear', 'accuracy': 0.9201451905626136, 'precision': 0.8445238095238097, 'recall': 0.6222222222222222, 'f1': 0.6914602683178535, 'mcc': 0.6720359085671346}"
XGBoost,5-fold-fold,0.920205686630369,0.8714285714285716,0.6,0.6997435897435896,0.677301901085489,"{'n_components': 150.0, 'n_estimators': 150.0, 'max_depth': 3.0, 'learning_rate': 0.1, 'accuracy': 0.920205686630369, 'precision': 0.8714285714285716, 'recall': 0.6, 'f1': 0.6997435897435896, 'mcc': 0.677301901085489}"
Random Forest,5-fold-fold,0.9444041137326076,0.8238888888888889,0.8222222222222222,0.822015823873409,0.7898138504372108,"{'n_components': nan, 'n_estimators': 100, 'max_depth': 20, 'min_samples_split': 5, 'min_samples_leaf': 2, 'criterion': 'entropy', 'accuracy': 0.9444041137326076, 'precision': 0.8238888888888889, 'recall': 0.8222222222222222, 'f1': 0.822015823873409, 'mcc': 0.7898138504372108}"
Decision Tree,5-fold-fold,0.8716878402903812,0.6124542124542125,0.6888888888888889,0.6354264235338405,0.569608383914997,"{'max_depth': 10, 'min_samples_split': 5, 'min_samples_leaf': 2, 'criterion': 'entropy', 'accuracy': 0.8716878402903812, 'precision': 0.6124542124542125, 'recall': 0.6888888888888889, 'f1': 0.6354264235338405, 'mcc': 0.569608383914997}"
