Model,Fold,Best Accuracy,Best Precision,Best Recall,Best F1 Score,Best MCC Score,Best Parameters
KNN,5-fold-fold,0.8871038251366121,0.6670995670995671,0.6,0.6293884220354808,0.5656807602939421,"{'svd__n_components': nan, 'n_neighbors': 3, 'weights': 'distance', 'metric': 'cosine', 'accuracy': 0.8871038251366121, 'precision': 0.6670995670995671, 'recall': 0.6, 'f1': 0.6293884220354808, 'mcc': 0.5656807602939421}"
SVM,5-fold-fold,0.9137158469945356,0.8313131313131313,0.6244444444444444,0.6837175895999426,0.6610692566090756,"{'C': 0.01, 'kernel': 'linear', 'accuracy': 0.9137158469945356, 'precision': 0.8313131313131313, 'recall': 0.6244444444444444, 'f1': 0.6837175895999426, 'mcc': 0.6610692566090756}"
XGBoost,5-fold-fold,0.9005464480874317,0.6902958152958153,0.6199999999999999,0.6476423902894491,0.595284756617389,"{'n_components': 150.0, 'n_estimators': 100.0, 'max_depth': 10.0, 'learning_rate': 0.5, 'accuracy': 0.9005464480874317, 'precision': 0.6902958152958153, 'recall': 0.6199999999999999, 'f1': 0.6476423902894491, 'mcc': 0.595284756617389}"
Random Forest,5-fold-fold,0.9369945355191256,0.8214285714285715,0.7666666666666666,0.7881461675579323,0.7552915142498005,"{'n_components': nan, 'n_estimators': 100, 'max_depth': 20, 'min_samples_split': 5, 'min_samples_leaf': 2, 'criterion': 'gini', 'accuracy': 0.9369945355191256, 'precision': 0.8214285714285715, 'recall': 0.7666666666666666, 'f1': 0.7881461675579323, 'mcc': 0.7552915142498005}"
Decision Tree,5-fold-fold,0.893825136612022,0.6663441134029371,0.7022222222222222,0.6685964912280702,0.6174703479703749,"{'max_depth': 10, 'min_samples_split': 5, 'min_samples_leaf': 2, 'criterion': 'gini', 'accuracy': 0.893825136612022, 'precision': 0.6663441134029371, 'recall': 0.7022222222222222, 'f1': 0.6685964912280702, 'mcc': 0.6174703479703749}"
