threshold,accuracy,precision,recall,f1,mcc
0.30000000000000004,0.8538283828382838,0.5666666666666667,0.47222222222222215,0.4837313224409998,0.4226982931401351
