criterion,max_depth,min_samples_split,min_samples_leaf,max_features,threshold,accuracy,precision,recall,f1,mcc,preparationTime
entropy,100,10,2,sqrt,0.5,0.8106312292358804,0.391304347826087,0.3829787234042553,0.425531914893617,0.275150054317571,0.0013829118239191665
