Model,pca__n_components,dt__criterion,dt__max_depth,dt__min_samples_split,dt__min_samples_leaf,dt__max_features,fold,threshold,accuracy,precision,recall,f1,mcc,svm__C,svm__kernel,n_neighbors,weights,metric,rf__n_estimators,rf__criterion,rf__max_depth,rf__min_samples_split,rf__min_samples_leaf,alpha,learning_rate,max_depth,n_estimators
Decision Tree,0.95,entropy,,10.0,1.0,log2,4.0,0.3,0.95,0.875,0.7777777777777778,0.8235294117647058,0.79639080275258,,,,,,,,,,,,,,
SVM,0.99,,,,,,3.0,0.3,0.9666666666666668,0.8888888888888888,0.8888888888888888,0.8888888888888888,0.869281045751634,0.01,rbf,,,,,,,,,,,,
KNN,0.95,,,,,,3.0,0.3,0.95,0.875,0.7777777777777778,0.8235294117647058,0.79639080275258,,,15.0,distance,euclidean,,,,,,,,,
Random Forest,0.99,,,,,,3.0,0.3,0.9833333333333332,0.9,1.0,0.9473684210526316,0.9393364366277244,,,,,,300.0,entropy,10.0,2.0,1.0,,,,
Naive Bayes,,,,,,,4.0,0.4,0.9666666666666668,0.8888888888888888,0.8888888888888888,0.8888888888888888,0.869281045751634,,,,,,,,,,,0.1,,,
XGBoost,,,,,,,4.0,0.1,0.95,0.875,0.7777777777777778,0.8235294117647058,0.79639080275258,,,,,,,,,,,,0.1,3.0,200.0
