Accuracy,Std_Accuracy,Precision,Std_Precision,Recall,Std_Recall,F1,Std_F1,MCC,Std_MCC
0.8777777777777779,0.08888888888888888,0.9098901098901099,0.12205224946738305,0.8666666666666666,0.12957670877434002,0.8768716577540108,0.08813638922817157,0.7764255562923227,0.16215494031026728
