Accuracy,Std_Accuracy,Precision,Std_Precision,Recall,Std_Recall,F1,Std_F1,MCC,Std_MCC
0.888888888888889,0.09296222517045283,0.9384615384615385,0.12307692307692308,0.8666666666666668,0.1632993161855452,0.8829640947288006,0.10307657727394873,0.8058403455783832,0.15642087867118531
