Accuracy,Precision,Recall,F1,MCC
0.8777777777777779,0.9098901098901099,0.8666666666666666,0.8768716577540108,0.7764255562923227
