Accuracy,Precision,Recall,F1,MCC
0.888888888888889,0.9384615384615385,0.8666666666666668,0.8829640947288006,0.8058403455783832
