Accuracy,Precision,Recall,F1,MCC
0.8888888888888887,0.8786363636363637,0.9111111111111111,0.8908359133126936,0.7856438407434342
