Accuracy,Std_Accuracy,Precision,Std_Precision,Recall,Std_Recall,F1,Std_F1,MCC,Std_MCC
0.8888888888888887,0.0496903994999953,0.8786363636363637,0.07076325329243224,0.9111111111111111,0.08314794192830981,0.8908359133126936,0.050435935677112964,0.7856438407434342,0.1001822478018566
