Accuracy,Precision,Recall,F1,MCC
0.8666666666666666,0.861111111111111,0.888888888888889,0.8707749766573295,0.7425290166595149
