Accuracy,Std_Accuracy,Precision,Std_Precision,Recall,Std_Recall,F1,Std_F1,MCC,Std_MCC
<<<<<<< Updated upstream
0.8666666666666666,0.056655772373253144,0.861111111111111,0.08958064164776165,0.888888888888889,0.07027283689263066,0.8707749766573295,0.05375297510327849,0.7425290166595149,0.1111501827365009
=======
0.8888888888888887,0.0496903994999953,0.8786363636363637,0.07076325329243224,0.9111111111111111,0.08314794192830981,0.8908359133126936,0.050435935677112964,0.7856438407434342,0.1001822478018566
>>>>>>> Stashed changes
