Accuracy,Std_Accuracy,Precision,Std_Precision,Recall,Std_Recall,F1,Std_F1,MCC,Std_MCC
0.8666666666666666,0.056655772373253144,0.861111111111111,0.08958064164776165,0.888888888888889,0.07027283689263066,0.8707749766573295,0.05375297510327849,0.7425290166595149,0.1111501827365009
