dt__max_depth,dt__min_samples_split,dt__min_samples_leaf,dt__criterion,dt__max_features,threshold,accuracy,precision,recall,f1,mcc
10,5,2,gini,,0.1,0.9585601935874168,0.8977777777777778,0.888888888888889,0.8760130718954249,0.8639675781078721
10,5,2,gini,,0.2,0.9585601935874168,0.8977777777777778,0.888888888888889,0.8760130718954249,0.8639675781078721
10,5,2,gini,,0.30000000000000004,0.9585601935874168,0.8977777777777778,0.888888888888889,0.8760130718954249,0.8639675781078721
10,5,2,gini,,0.4,0.9585601935874168,0.8977777777777778,0.888888888888889,0.8760130718954249,0.8639675781078721
10,5,2,gini,,0.5,0.9585601935874168,0.8977777777777778,0.888888888888889,0.8760130718954249,0.8639675781078721
10,5,2,gini,,0.6,0.955111917725348,0.9199999999999999,0.8444444444444443,0.8495475113122172,0.8454298941250029
10,5,2,gini,,0.7000000000000001,0.955111917725348,0.9199999999999999,0.8444444444444443,0.8495475113122172,0.8454298941250029
10,5,2,gini,,0.8,0.955111917725348,0.9199999999999999,0.8444444444444443,0.8495475113122172,0.8454298941250029
10,5,2,gini,,0.9,0.955111917725348,0.9199999999999999,0.8444444444444443,0.8495475113122172,0.8454298941250029
