fold,accuracy,precision,recall,f1,mcc
1,0.9836065573770492,1.0,0.9,0.9473684210526315,0.9395170608841052
2,0.9833333333333333,1.0,0.9,0.9473684210526315,0.9393364366277243
3,0.9333333333333333,1.0,0.5555555555555556,0.7142857142857143,0.7177405625652734
4,0.9833333333333333,1.0,0.8888888888888888,0.9411764705882353,0.9336995618478525
5,1.0,1.0,1.0,1.0,1.0
