pca__n_components,knn__n_neighbors,knn__weights,knn__metric,threshold,accuracy,std_accuracy,precision,std_precision,recall,std_recall,f1,std_f1,mcc,std_mcc
200,7,distance,cosine,0.1,0.6425892316999395,0.06045176841450143,0.2870540312281135,0.03174059674718721,0.8444444444444444,0.16629588385661961,0.42362573099415207,0.043849277526138444,0.33255740358389757,0.08261690025923617
200,7,distance,cosine,0.2,0.7607985480943739,0.059937957928822956,0.3826789635485287,0.0680148773395485,0.7555555555555555,0.17777777777777776,0.49597804144522717,0.07763949939214325,0.4102894975446471,0.10803077336203838
200,7,distance,cosine,0.30000000000000004,0.816152450090744,0.0488995370068449,0.44571428571428573,0.09583621705214691,0.6444444444444445,0.22662308949301263,0.5123478260869565,0.13028108174424052,0.4265134858487308,0.1627969177122637
200,7,distance,cosine,0.4,0.8335753176043557,0.04370831475528714,0.4905860805860806,0.10926731944999227,0.6222222222222222,0.20608041101101562,0.5294560511951816,0.12279000995699187,0.44953568128413457,0.1463921898319596
200,7,distance,cosine,0.5,0.8716878402903812,0.04408847830871377,0.6051515151515151,0.1383146623531103,0.6222222222222222,0.20608041101101562,0.5920570657412763,0.1440798808371487,0.53068038662587,0.1620433818929205
200,7,distance,cosine,0.6,0.8889292196007259,0.029977861786949674,0.6687878787878787,0.08886386240897132,0.5777777777777777,0.2154524381073924,0.600460427085814,0.14077510343041316,0.5514160076854333,0.14743423113715343
200,7,distance,cosine,0.7000000000000001,0.8993345432546885,0.0334808435238588,0.7131746031746031,0.08405147854501688,0.5777777777777777,0.2154524381073924,0.6229509671614935,0.1556934194689674,0.5801774825249082,0.16143406592047685
200,7,distance,cosine,0.8,0.892377495462795,0.02533940463352791,0.7698412698412699,0.13652177855253864,0.48888888888888893,0.20608041101101565,0.561766991178756,0.15527173750977064,0.5412100020989464,0.129545263159027
200,7,distance,cosine,0.9,0.8958862673926195,0.024182087647515955,0.8714285714285716,0.12380952380952381,0.4222222222222222,0.19116278371205836,0.53,0.18808981306221179,0.5373758472649135,0.13986234902527317
