pca__n_components,xgb__n_estimators,xgb__max_depth,xgb__learning_rate,threshold,accuracy,precision,recall,f1,mcc
150,150,3,0.1,0.1,0.8647912885662432,0.5517531591215801,0.888888888888889,0.6753593073593074,0.6284662980868065
150,150,3,0.1,0.2,0.9131881427707199,0.6900000000000001,0.8222222222222222,0.7488721804511278,0.7019847460401543
150,150,3,0.1,0.30000000000000004,0.9237749546279492,0.7880952380952382,0.7333333333333333,0.753921568627451,0.7137316151279772
150,150,3,0.1,0.4,0.9271627344222626,0.8614285714285714,0.6666666666666666,0.73662181471779,0.7121571505836919
150,150,3,0.1,0.5,0.920205686630369,0.8714285714285716,0.6,0.6997435897435896,0.677301901085489
150,150,3,0.1,0.6,0.9098003629764065,0.8695238095238096,0.5111111111111112,0.6326190476190476,0.6183593576958483
150,150,3,0.1,0.7000000000000001,0.9062915910465819,0.9333333333333332,0.4444444444444445,0.5956776556776557,0.6020843022413543
150,150,3,0.1,0.8,0.8992740471869329,0.96,0.3777777777777777,0.5373626373626375,0.5631358881120488
150,150,3,0.1,0.9,0.8888082274652147,0.96,0.31111111111111106,0.4542857142857143,0.4979702902337113
