alpha,accuracy,precision,recall,f1,preparationTime
0.01,0.7555555555555555,0.7853174603174603,0.7288888888888889,0.7471521942110178,0.0021886893621140577
0.1,0.7444444444444445,0.7951298701298701,0.6844444444444444,0.7282352941176471,0.0021886893621140577
1.0,0.7549707602339181,0.8237012987012987,0.6844444444444444,0.7370588235294118,0.0021886893621140577
10.0,0.7339181286549709,0.6916361416361416,0.8733333333333334,0.7685425685425685,0.0021886893621140577
