distance,k,sigma,eps,avgFlakyTrain,avgNonFlakyTrain,avgFlakyTest,avgNonFlakyTest,precision,recall,accuracy,storage,preparationTime,predictionTime
cosine,3,0.5,0.3,37.6,37.4,9.4,9.6,0.7208501683501686,0.6292592592592593,0.6894736842105263,379617,0.20936295042512873,0.0029142629600571067
cosine,7,0.5,0.3,37.333333333333336,37.666666666666664,9.666666666666666,9.333333333333334,0.7795880970880972,0.6722222222222223,0.7228070175438596,379617,0.18054251092152512,0.0024721653900617686
euclidean,3,0.5,0.3,37.53333333333333,37.46666666666667,9.466666666666667,9.533333333333333,0.8635317460317462,0.4503703703703704,0.6982456140350878,379617,0.18617906170214138,0.0033581832437434354
euclidean,7,0.5,0.3,37.56666666666667,37.43333333333333,9.433333333333334,9.566666666666666,0.8548412698412701,0.3266666666666666,0.6350877192982457,379617,0.188058265603138,0.003074168652485612
