alpha,accuracy,precision,recall,f1,preparationTime
0.01,0.9093567251461989,0.6666666666666666,0.7666666666666666,0.7051282051282052,0.0009819403508942225
0.1,0.9064327485380117,0.6527496626180836,0.8083333333333332,0.7135743321718931,0.0009819403508942225
1.0,0.9093567251461988,0.6510372264847968,0.7875,0.708446696062795,0.0009819403508942225
10.0,0.9035087719298246,0.9,0.36388888888888893,0.5041269841269841,0.0009819403508942225
