alpha,accuracy,precision,recall,f1,preparationTime
0.01,0.9240409207161125,0.7155555555555556,0.7488888888888888,0.7266332497911445,0.0009585456141101861
0.1,0.9151747655583972,0.6657342657342659,0.7888888888888889,0.7186238323080429,0.0009585456141101861
1.0,0.921142369991475,0.6975108225108224,0.7888888888888889,0.7333488336045881,0.0009585456141101861
10.0,0.9182438192668373,0.8866666666666667,0.47333333333333333,0.6065934065934065,0.0009585456141101861
