alpha,accuracy,precision,recall,preparationTime
0.01,0.723790322580645,0.8153846153846155,0.5777777777777778,0.0014688599255321684
0.1,0.7345430107526881,0.865993265993266,0.5555555555555555,0.0014688599255321684
1.0,0.7237903225806451,0.8240740740740741,0.5763888888888888,0.0014688599255321684
10.0,0.586021505376344,0.6138888888888889,0.7055555555555556,0.0014688599255321684
