Accuracy,Precision,Recall,F1
0.9531073446327684,0.8772222222222222,0.8,0.8313037495700035
