Accuracy,Precision,Recall,F1
0.943063973063973,0.8206349206349207,0.7999999999999999,0.8099616858237547
