n_neighbors,metric,accuracy,precision,recall,f1,preparationTime
3,cosine,0.8779661016949152,0.7555555555555555,0.40888888888888886,0.5124156545209176,0.0020064162711960153
5,cosine,0.8779661016949152,0.75,0.34444444444444444,0.43807692307692314,0.0020064162711960153
7,cosine,0.8711864406779661,0.7833333333333333,0.2555555555555556,0.3664735264735265,0.0020064162711960153
3,euclidean,0.8474576271186441,0.5733333333333334,0.23777777777777773,0.3350915750915751,0.0020064162711960153
5,euclidean,0.8610169491525423,0.8333333333333333,0.1933333333333333,0.30017316017316015,0.0020064162711960153
7,euclidean,0.8474576271186441,0.45,0.1288888888888889,0.18945054945054945,0.0020064162711960153
