n_neighbors,metric,accuracy,precision,recall,f1,preparationTime
3,cosine,0.8678966536109393,0.6135531135531136,0.38888888888888884,0.4651483781918564,0.0013257687830554137
5,cosine,0.8746306603449461,0.7388888888888889,0.3236111111111111,0.43454545454545457,0.0013257687830554137
7,cosine,0.8542568542568542,0.7222222222222222,0.15,0.24795321637426904,0.0013257687830554137
3,euclidean,0.850786779358208,0.5714285714285715,0.2125,0.306832298136646,0.0013257687830554137
5,euclidean,0.8541881399024257,0.4380952380952381,0.1708333333333333,0.24492753623188404,0.0013257687830554137
7,euclidean,0.854119425547997,0.4444444444444444,0.12638888888888888,0.19576719576719573,0.0013257687830554137
