n_neighbors,metric,accuracy,precision,recall,f1,preparationTime
3,cosine,0.7352150537634409,0.7962962962962963,0.6638888888888889,0.7095127095127095,0.0017943905106337897
5,cosine,0.7348790322580645,0.7957042957042956,0.6402777777777778,0.7066836951894423,0.0017943905106337897
7,cosine,0.7348790322580645,0.8241943241943241,0.5986111111111111,0.6864538101319709,0.0017943905106337897
3,euclidean,0.6599462365591396,0.8090909090909091,0.44861111111111107,0.5664335664335663,0.0017943905106337897
5,euclidean,0.648521505376344,0.8190476190476191,0.3833333333333333,0.5139305139305139,0.0017943905106337897
7,euclidean,0.6266801075268816,0.7685185185185185,0.3625,0.48,0.0017943905106337897
