n_neighbors,metric,accuracy,precision,recall,f1,preparationTime
3,cosine,0.7928571428571429,0.7093434343434344,0.6244444444444444,0.6554076367389061,0.0020819414290599524
5,cosine,0.7928571428571429,0.7499999999999999,0.4955555555555556,0.5768476621417797,0.0020819414290599524
7,cosine,0.8,0.8416666666666666,0.49333333333333335,0.6051820728291315,0.0020819414290599524
3,euclidean,0.7642857142857142,0.9,0.3466666666666666,0.4743856143856144,0.0020819414290599524
5,euclidean,0.7642857142857142,0.8833333333333334,0.3466666666666667,0.47182151182151183,0.0020819414290599524
7,euclidean,0.7642857142857142,0.9333333333333332,0.34444444444444444,0.4792207792207792,0.0020819414290599524
