n_neighbors,metric,accuracy,precision,recall,f1,preparationTime
3,cosine,0.7857142857142857,0.7249999999999999,0.5977777777777777,0.6358747135217724,0.0018388235713895744
5,cosine,0.8285714285714286,0.89,0.5955555555555555,0.6754723707664885,0.0018388235713895744
7,cosine,0.7785714285714286,0.875,0.4288888888888889,0.5450854700854701,0.0018388235713895744
3,euclidean,0.7714285714285715,0.8366666666666667,0.40888888888888886,0.5408058608058608,0.0018388235713895744
5,euclidean,0.7499999999999999,0.78,0.36444444444444446,0.4923809523809524,0.0018388235713895744
7,euclidean,0.7642857142857143,0.8333333333333333,0.36666666666666664,0.493972693972694,0.0018388235713895744
