n_neighbors,metric,accuracy,precision,recall,f1,preparationTime
3,cosine,0.8950731807874664,0.75,0.48888888888888893,0.5896825396825397,0.002014454237335377
5,cosine,0.8577269291555005,0.6095238095238096,0.25277777777777777,0.3565217391304348,0.002014454237335377
7,cosine,0.8542568542568544,0.7000000000000001,0.14722222222222223,0.23971693940734187,0.002014454237335377
3,euclidean,0.8611282896997183,0.6412698412698412,0.25555555555555554,0.3643892339544513,0.002014454237335377
5,euclidean,0.8542568542568544,0.7222222222222222,0.12638888888888888,0.21465428276573786,0.002014454237335377
7,euclidean,0.8508554937126366,0.48888888888888893,0.125,0.1971595655806182,0.002014454237335377
