n_neighbors,metric,accuracy,precision,recall,f1,preparationTime
3,cosine,0.8216157878507554,0.8166666666666668,0.5972222222222222,0.688305521638855,0.002166195000089439
5,cosine,0.7499229108849829,0.7063492063492064,0.40277777777777773,0.5055524185958968,0.002166195000089439
7,cosine,0.7782917052112243,0.8103174603174604,0.4222222222222222,0.5401656314699793,0.002166195000089439
3,euclidean,0.7570151094665434,0.7888888888888889,0.3597222222222222,0.48531468531468525,0.002166195000089439
5,euclidean,0.7499229108849829,0.7666666666666666,0.33888888888888885,0.4593406593406593,0.002166195000089439
7,euclidean,0.7570151094665434,0.7888888888888889,0.3597222222222222,0.48531468531468525,0.002166195000089439
