n_neighbors,metric,accuracy,precision,recall,f1,preparationTime
3,cosine,0.7444444444444445,0.7847619047619048,0.7266666666666666,0.7397493734335839,0.001177798319154232
5,cosine,0.7561403508771931,0.8197619047619046,0.6844444444444444,0.7383900928792569,0.001177798319154232
7,cosine,0.7339181286549707,0.825,0.5999999999999999,0.6892156862745098,0.001177798319154232
3,euclidean,0.7029239766081872,0.8761904761904763,0.48888888888888893,0.6178571428571429,0.001177798319154232
5,euclidean,0.6807017543859649,0.8266666666666665,0.44222222222222224,0.5662443438914028,0.001177798319154232
7,euclidean,0.6807017543859649,0.8200000000000001,0.4444444444444445,0.5709523809523809,0.001177798319154232
