Accuracy,Precision,Recall,F1
0.8496610169491525,0.5089393939393939,0.6444444444444444,0.5605882352941176
