Accuracy,Precision,Recall,F1
0.9097306397306397,0.7785353535353535,0.5777777777777778,0.6524712002972871
