Accuracy,Precision,Recall,F1
0.9664971751412429,1.0,0.7777777777777778,0.86609243697479
