threshold,accuracy,precision,recall,f1,mcc
0.1,0.7774917491749175,0.3254385964912281,0.4083333333333334,0.3619047619047619,0.23148314715012508
0.2,0.7774917491749175,0.3254385964912281,0.4083333333333334,0.3619047619047619,0.23148314715012508
0.30000000000000004,0.7774917491749175,0.3235867446393762,0.38611111111111107,0.35209235209235207,0.22023748815041774
0.4,0.7807920792079207,0.3284600389863548,0.38611111111111107,0.35489347254053133,0.22495459413754962
0.5,0.7807920792079207,0.3284600389863548,0.38611111111111107,0.35489347254053133,0.22495459413754962
0.6,0.7874917491749175,0.33464052287581697,0.3444444444444444,0.33939393939393936,0.21288318533243114
0.7000000000000001,0.7874917491749175,0.33464052287581697,0.3444444444444444,0.33939393939393936,0.21288318533243114
0.8,0.8107920792079208,0.3738095238095238,0.3236111111111111,0.3441644562334218,0.2374370106707436
0.9,0.8107920792079208,0.3738095238095238,0.3236111111111111,0.3441644562334218,0.2374370106707436
