alpha,accuracy,precision,recall,f1,preparationTime
0.001,0.929774011299435,0.7856854256854257,0.7555555555555554,0.7639766081871345,0.0010289480200661267
0.01,0.9331073446327685,0.7917460317460316,0.7777777777777777,0.7763575605680868,0.0010289954013378488
0.1,0.9231073446327682,0.7344444444444443,0.7777777777777777,0.7520369551329303,0.0010290243846146309
1.0,0.9231073446327682,0.7333333333333333,0.7777777777777778,0.7523809523809523,0.0010290508628753266
10.0,0.9096610169491525,0.9199999999999999,0.4444444444444445,0.5945054945054945,0.0010290772006677597
