threshold,accuracy,precision,recall,f1,mcc
0.6,0.867103825136612,0.5795299145299145,0.5955555555555556,0.5824242424242424,0.5073923252927013
