threshold,accuracy,precision,recall,f1,mcc
0.1,0.8170491803278688,0.4247863247863248,0.5022222222222222,0.4583223539745279,0.3525753421139758
0.2,0.8170491803278688,0.4247863247863248,0.5022222222222222,0.4583223539745279,0.3525753421139758
0.30000000000000004,0.8203825136612022,0.4261072261072261,0.48,0.44900565759900796,0.3448385152741559
0.4,0.8336612021857924,0.4587301587301587,0.45999999999999996,0.45656565656565656,0.36031692792402065
0.5,0.8336612021857924,0.4587301587301587,0.45999999999999996,0.45656565656565656,0.36031692792402065
0.6,0.8436612021857923,0.4809523809523809,0.45999999999999996,0.46545454545454545,0.3775525325924177
0.7000000000000001,0.8470491803278689,0.49393939393939384,0.43999999999999995,0.4616666666666666,0.37642685483246624
0.8,0.8470491803278689,0.5666666666666667,0.36,0.4206410256410257,0.35944053682276456
0.9,0.8470491803278689,0.5666666666666667,0.36,0.4206410256410257,0.35944053682276456
