alpha,accuracy,precision,recall,f1,preparationTime
0.001,0.91979797979798,0.7977207977207977,0.6222222222222222,0.6944444444444445,0.00027638996708328307
0.01,0.9231649831649832,0.8013838013838014,0.6444444444444445,0.7084017515051998,0.0002764254180795473
0.1,0.9197306397306398,0.7638655462184875,0.6888888888888888,0.7162068965517241,0.0002764478266662778
1.0,0.9130639730639731,0.7435897435897436,0.6444444444444444,0.6904761904761906,0.0002764678937087091
10.0,0.8896296296296295,1.0,0.26666666666666666,0.42105263157894735,0.0002764876259110843
